data_source,event_id,session_id,participant_id,occurred_at,event_name,funnel_step,event_value
synthetic_course_demo,EV0001,S0001,P029,2026-08-04T20:30:00+09:00,landing_view,1,
synthetic_course_demo,EV0002,S0001,P029,2026-08-04T20:30:00+09:00,routine_builder_start,2,
synthetic_course_demo,EV0003,S0001,P029,2026-08-04T20:30:00+09:00,recommendation_view,3,admin
synthetic_course_demo,EV0004,S0001,P029,2026-08-04T20:30:00+09:00,routine_start,4,
synthetic_course_demo,EV0005,S0002,P038,2026-08-05T11:10:00+09:00,landing_view,1,
synthetic_course_demo,EV0006,S0002,P038,2026-08-05T11:10:00+09:00,routine_builder_start,2,
synthetic_course_demo,EV0007,S0002,P038,2026-08-05T11:10:00+09:00,recommendation_view,3,admin
synthetic_course_demo,EV0008,S0002,P038,2026-08-05T11:10:00+09:00,routine_start,4,
synthetic_course_demo,EV0009,S0002,P038,2026-08-05T11:10:00+09:00,routine_complete,5,
synthetic_course_demo,EV0010,S0002,P038,2026-08-05T11:10:00+09:00,feedback_submit,6,5
synthetic_course_demo,EV0011,S0003,P036,2026-08-06T12:20:00+09:00,landing_view,1,
synthetic_course_demo,EV0012,S0003,P036,2026-08-06T12:20:00+09:00,routine_builder_start,2,
synthetic_course_demo,EV0013,S0003,P036,2026-08-06T12:20:00+09:00,recommendation_view,3,admin
synthetic_course_demo,EV0014,S0003,P036,2026-08-06T12:20:00+09:00,routine_start,4,
synthetic_course_demo,EV0015,S0003,P036,2026-08-06T12:20:00+09:00,routine_complete,5,
synthetic_course_demo,EV0016,S0004,P037,2026-08-07T19:00:00+09:00,landing_view,1,
synthetic_course_demo,EV0017,S0004,P037,2026-08-07T19:00:00+09:00,routine_builder_start,2,
synthetic_course_demo,EV0018,S0004,P037,2026-08-07T19:00:00+09:00,recommendation_view,3,admin
synthetic_course_demo,EV0019,S0005,P028,2026-08-08T18:20:00+09:00,landing_view,1,
synthetic_course_demo,EV0020,S0005,P028,2026-08-08T18:20:00+09:00,routine_builder_start,2,
synthetic_course_demo,EV0021,S0005,P028,2026-08-08T18:20:00+09:00,recommendation_view,3,recovery
synthetic_course_demo,EV0022,S0005,P028,2026-08-08T18:20:00+09:00,routine_start,4,
synthetic_course_demo,EV0023,S0005,P028,2026-08-08T18:20:00+09:00,routine_complete,5,
synthetic_course_demo,EV0024,S0005,P028,2026-08-08T18:20:00+09:00,feedback_submit,6,4
synthetic_course_demo,EV0025,S0006,P038,2026-08-09T18:10:00+09:00,landing_view,1,
synthetic_course_demo,EV0026,S0006,P038,2026-08-09T18:10:00+09:00,routine_builder_start,2,
synthetic_course_demo,EV0027,S0006,P038,2026-08-09T18:10:00+09:00,recommendation_view,3,admin
synthetic_course_demo,EV0028,S0006,P038,2026-08-09T18:10:00+09:00,routine_start,4,
synthetic_course_demo,EV0029,S0006,P038,2026-08-09T18:10:00+09:00,routine_complete,5,
synthetic_course_demo,EV0030,S0006,P038,2026-08-09T18:10:00+09:00,feedback_submit,6,3
synthetic_course_demo,EV0031,S0007,P017,2026-08-10T14:50:00+09:00,landing_view,1,
synthetic_course_demo,EV0032,S0007,P017,2026-08-10T14:50:00+09:00,routine_builder_start,2,
synthetic_course_demo,EV0033,S0007,P017,2026-08-10T14:50:00+09:00,recommendation_view,3,recovery
synthetic_course_demo,EV0034,S0007,P017,2026-08-10T14:50:00+09:00,routine_start,4,
synthetic_course_demo,EV0035,S0007,P017,2026-08-10T14:50:00+09:00,routine_complete,5,
synthetic_course_demo,EV0036,S0007,P017,2026-08-10T14:50:00+09:00,feedback_submit,6,3
synthetic_course_demo,EV0037,S0008,P034,2026-08-11T12:50:00+09:00,landing_view,1,
synthetic_course_demo,EV0038,S0008,P034,2026-08-11T12:50:00+09:00,routine_builder_start,2,
synthetic_course_demo,EV0039,S0008,P034,2026-08-11T12:50:00+09:00,recommendation_view,3,exercise
synthetic_course_demo,EV0040,S0008,P034,2026-08-11T12:50:00+09:00,routine_start,4,
synthetic_course_demo,EV0041,S0008,P034,2026-08-11T12:50:00+09:00,routine_complete,5,
synthetic_course_demo,EV0042,S0008,P034,2026-08-11T12:50:00+09:00,feedback_submit,6,5
synthetic_course_demo,EV0043,S0009,P032,2026-08-12T11:50:00+09:00,landing_view,1,
synthetic_course_demo,EV0044,S0009,P032,2026-08-12T11:50:00+09:00,routine_builder_start,2,
synthetic_course_demo,EV0045,S0009,P032,2026-08-12T11:50:00+09:00,recommendation_view,3,study
synthetic_course_demo,EV0046,S0009,P032,2026-08-12T11:50:00+09:00,routine_start,4,
synthetic_course_demo,EV0047,S0009,P032,2026-08-12T11:50:00+09:00,routine_complete,5,
synthetic_course_demo,EV0048,S0009,P032,2026-08-12T11:50:00+09:00,feedback_submit,6,4
synthetic_course_demo,EV0049,S0010,P024,2026-08-13T09:20:00+09:00,landing_view,1,
synthetic_course_demo,EV0050,S0010,P024,2026-08-13T09:20:00+09:00,routine_builder_start,2,
synthetic_course_demo,EV0051,S0010,P024,2026-08-13T09:20:00+09:00,recommendation_view,3,exercise
synthetic_course_demo,EV0052,S0011,P039,2026-08-04T14:00:00+09:00,landing_view,1,
synthetic_course_demo,EV0053,S0011,P039,2026-08-04T14:00:00+09:00,routine_builder_start,2,
synthetic_course_demo,EV0054,S0011,P039,2026-08-04T14:00:00+09:00,recommendation_view,3,recovery
synthetic_course_demo,EV0055,S0012,P031,2026-08-05T09:50:00+09:00,landing_view,1,
synthetic_course_demo,EV0056,S0012,P031,2026-08-05T09:50:00+09:00,routine_builder_start,2,
synthetic_course_demo,EV0057,S0012,P031,2026-08-05T09:50:00+09:00,recommendation_view,3,admin
synthetic_course_demo,EV0058,S0012,P031,2026-08-05T09:50:00+09:00,routine_start,4,
synthetic_course_demo,EV0059,S0012,P031,2026-08-05T09:50:00+09:00,routine_complete,5,
synthetic_course_demo,EV0060,S0013,P023,2026-08-06T10:20:00+09:00,landing_view,1,
synthetic_course_demo,EV0061,S0013,P023,2026-08-06T10:20:00+09:00,routine_builder_start,2,
synthetic_course_demo,EV0062,S0013,P023,2026-08-06T10:20:00+09:00,recommendation_view,3,recovery
synthetic_course_demo,EV0063,S0014,P018,2026-08-07T17:10:00+09:00,landing_view,1,
synthetic_course_demo,EV0064,S0014,P018,2026-08-07T17:10:00+09:00,routine_builder_start,2,
synthetic_course_demo,EV0065,S0014,P018,2026-08-07T17:10:00+09:00,recommendation_view,3,exercise
synthetic_course_demo,EV0066,S0014,P018,2026-08-07T17:10:00+09:00,routine_start,4,
synthetic_course_demo,EV0067,S0015,P013,2026-08-08T11:50:00+09:00,landing_view,1,
synthetic_course_demo,EV0068,S0015,P013,2026-08-08T11:50:00+09:00,routine_builder_start,2,
synthetic_course_demo,EV0069,S0015,P013,2026-08-08T11:50:00+09:00,recommendation_view,3,admin
synthetic_course_demo,EV0070,S0016,P002,2026-08-09T16:20:00+09:00,landing_view,1,
synthetic_course_demo,EV0071,S0016,P002,2026-08-09T16:20:00+09:00,routine_builder_start,2,
synthetic_course_demo,EV0072,S0016,P002,2026-08-09T16:20:00+09:00,recommendation_view,3,admin
synthetic_course_demo,EV0073,S0017,P037,2026-08-10T09:30:00+09:00,landing_view,1,
synthetic_course_demo,EV0074,S0017,P037,2026-08-10T09:30:00+09:00,routine_builder_start,2,
synthetic_course_demo,EV0075,S0017,P037,2026-08-10T09:30:00+09:00,recommendation_view,3,recovery
synthetic_course_demo,EV0076,S0017,P037,2026-08-10T09:30:00+09:00,routine_start,4,
synthetic_course_demo,EV0077,S0018,P040,2026-08-11T16:00:00+09:00,landing_view,1,
synthetic_course_demo,EV0078,S0018,P040,2026-08-11T16:00:00+09:00,routine_builder_start,2,
synthetic_course_demo,EV0079,S0018,P040,2026-08-11T16:00:00+09:00,recommendation_view,3,study
synthetic_course_demo,EV0080,S0019,P017,2026-08-12T15:50:00+09:00,landing_view,1,
synthetic_course_demo,EV0081,S0019,P017,2026-08-12T15:50:00+09:00,routine_builder_start,2,
synthetic_course_demo,EV0082,S0019,P017,2026-08-12T15:50:00+09:00,recommendation_view,3,admin
synthetic_course_demo,EV0083,S0020,P021,2026-08-13T18:40:00+09:00,landing_view,1,
synthetic_course_demo,EV0084,S0020,P021,2026-08-13T18:40:00+09:00,routine_builder_start,2,
synthetic_course_demo,EV0085,S0020,P021,2026-08-13T18:40:00+09:00,recommendation_view,3,admin
synthetic_course_demo,EV0086,S0020,P021,2026-08-13T18:40:00+09:00,routine_start,4,
synthetic_course_demo,EV0087,S0020,P021,2026-08-13T18:40:00+09:00,feedback_submit,6,4
synthetic_course_demo,EV0088,S0021,P040,2026-08-04T13:40:00+09:00,landing_view,1,
synthetic_course_demo,EV0089,S0021,P040,2026-08-04T13:40:00+09:00,routine_builder_start,2,
synthetic_course_demo,EV0090,S0021,P040,2026-08-04T13:40:00+09:00,recommendation_view,3,admin
synthetic_course_demo,EV0091,S0021,P040,2026-08-04T13:40:00+09:00,routine_start,4,
synthetic_course_demo,EV0092,S0021,P040,2026-08-04T13:40:00+09:00,routine_complete,5,
synthetic_course_demo,EV0093,S0022,P030,2026-08-05T11:20:00+09:00,landing_view,1,
synthetic_course_demo,EV0094,S0022,P030,2026-08-05T11:20:00+09:00,routine_builder_start,2,
synthetic_course_demo,EV0095,S0022,P030,2026-08-05T11:20:00+09:00,recommendation_view,3,study
synthetic_course_demo,EV0096,S0023,P015,2026-08-06T18:10:00+09:00,landing_view,1,
synthetic_course_demo,EV0097,S0023,P015,2026-08-06T18:10:00+09:00,routine_builder_start,2,
synthetic_course_demo,EV0098,S0023,P015,2026-08-06T18:10:00+09:00,recommendation_view,3,study
synthetic_course_demo,EV0099,S0023,P015,2026-08-06T18:10:00+09:00,routine_start,4,
synthetic_course_demo,EV0100,S0023,P015,2026-08-06T18:10:00+09:00,routine_complete,5,
synthetic_course_demo,EV0101,S0023,P015,2026-08-06T18:10:00+09:00,feedback_submit,6,5
synthetic_course_demo,EV0102,S0024,P026,2026-08-07T17:50:00+09:00,landing_view,1,
synthetic_course_demo,EV0103,S0024,P026,2026-08-07T17:50:00+09:00,routine_builder_start,2,
synthetic_course_demo,EV0104,S0024,P026,2026-08-07T17:50:00+09:00,recommendation_view,3,recovery
synthetic_course_demo,EV0105,S0025,P007,2026-08-08T13:30:00+09:00,landing_view,1,
synthetic_course_demo,EV0106,S0025,P007,2026-08-08T13:30:00+09:00,routine_builder_start,2,
synthetic_course_demo,EV0107,S0025,P007,2026-08-08T13:30:00+09:00,recommendation_view,3,study
synthetic_course_demo,EV0108,S0025,P007,2026-08-08T13:30:00+09:00,routine_start,4,
synthetic_course_demo,EV0109,S0025,P007,2026-08-08T13:30:00+09:00,routine_complete,5,
synthetic_course_demo,EV0110,S0025,P007,2026-08-08T13:30:00+09:00,feedback_submit,6,5
synthetic_course_demo,EV0111,S0026,P039,2026-08-09T12:40:00+09:00,landing_view,1,
synthetic_course_demo,EV0112,S0026,P039,2026-08-09T12:40:00+09:00,routine_builder_start,2,
synthetic_course_demo,EV0113,S0026,P039,2026-08-09T12:40:00+09:00,recommendation_view,3,recovery
synthetic_course_demo,EV0114,S0026,P039,2026-08-09T12:40:00+09:00,routine_start,4,
synthetic_course_demo,EV0115,S0026,P039,2026-08-09T12:40:00+09:00,routine_complete,5,
synthetic_course_demo,EV0116,S0026,P039,2026-08-09T12:40:00+09:00,feedback_submit,6,5
synthetic_course_demo,EV0117,S0027,P033,2026-08-10T20:20:00+09:00,landing_view,1,
synthetic_course_demo,EV0118,S0027,P033,2026-08-10T20:20:00+09:00,routine_builder_start,2,
synthetic_course_demo,EV0119,S0027,P033,2026-08-10T20:20:00+09:00,recommendation_view,3,admin
synthetic_course_demo,EV0120,S0027,P033,2026-08-10T20:20:00+09:00,routine_start,4,
synthetic_course_demo,EV0121,S0027,P033,2026-08-10T20:20:00+09:00,routine_complete,5,
synthetic_course_demo,EV0122,S0027,P033,2026-08-10T20:20:00+09:00,feedback_submit,6,4
synthetic_course_demo,EV0123,S0028,P040,2026-08-11T12:30:00+09:00,landing_view,1,
synthetic_course_demo,EV0124,S0028,P040,2026-08-11T12:30:00+09:00,routine_builder_start,2,
synthetic_course_demo,EV0125,S0028,P040,2026-08-11T12:30:00+09:00,recommendation_view,3,exercise
synthetic_course_demo,EV0126,S0029,P015,2026-08-12T13:20:00+09:00,landing_view,1,
synthetic_course_demo,EV0127,S0029,P015,2026-08-12T13:20:00+09:00,routine_builder_start,2,
synthetic_course_demo,EV0128,S0029,P015,2026-08-12T13:20:00+09:00,recommendation_view,3,recovery
synthetic_course_demo,EV0129,S0029,P015,2026-08-12T13:20:00+09:00,routine_start,4,
synthetic_course_demo,EV0130,S0030,P022,2026-08-13T14:10:00+09:00,landing_view,1,
synthetic_course_demo,EV0131,S0030,P022,2026-08-13T14:10:00+09:00,routine_builder_start,2,
synthetic_course_demo,EV0132,S0030,P022,2026-08-13T14:10:00+09:00,recommendation_view,3,study
synthetic_course_demo,EV0133,S0030,P022,2026-08-13T14:10:00+09:00,routine_start,4,
synthetic_course_demo,EV0134,S0031,P040,2026-08-04T14:30:00+09:00,landing_view,1,
synthetic_course_demo,EV0135,S0031,P040,2026-08-04T14:30:00+09:00,routine_builder_start,2,
synthetic_course_demo,EV0136,S0031,P040,2026-08-04T14:30:00+09:00,recommendation_view,3,recovery
synthetic_course_demo,EV0137,S0032,P010,2026-08-05T13:40:00+09:00,landing_view,1,
synthetic_course_demo,EV0138,S0032,P010,2026-08-05T13:40:00+09:00,routine_builder_start,2,
synthetic_course_demo,EV0139,S0032,P010,2026-08-05T13:40:00+09:00,recommendation_view,3,exercise
synthetic_course_demo,EV0140,S0032,P010,2026-08-05T13:40:00+09:00,routine_start,4,
synthetic_course_demo,EV0141,S0032,P010,2026-08-05T13:40:00+09:00,routine_complete,5,
synthetic_course_demo,EV0142,S0032,P010,2026-08-05T13:40:00+09:00,feedback_submit,6,5
synthetic_course_demo,EV0143,S0033,P040,2026-08-06T14:20:00+09:00,landing_view,1,
synthetic_course_demo,EV0144,S0033,P040,2026-08-06T14:20:00+09:00,routine_builder_start,2,
synthetic_course_demo,EV0145,S0033,P040,2026-08-06T14:20:00+09:00,recommendation_view,3,recovery
synthetic_course_demo,EV0146,S0033,P040,2026-08-06T14:20:00+09:00,routine_start,4,
synthetic_course_demo,EV0147,S0033,P040,2026-08-06T14:20:00+09:00,routine_complete,5,
synthetic_course_demo,EV0148,S0033,P040,2026-08-06T14:20:00+09:00,feedback_submit,6,2
synthetic_course_demo,EV0149,S0034,P035,2026-08-07T11:00:00+09:00,landing_view,1,
synthetic_course_demo,EV0150,S0034,P035,2026-08-07T11:00:00+09:00,routine_builder_start,2,
synthetic_course_demo,EV0151,S0034,P035,2026-08-07T11:00:00+09:00,recommendation_view,3,study
synthetic_course_demo,EV0152,S0034,P035,2026-08-07T11:00:00+09:00,routine_start,4,
synthetic_course_demo,EV0153,S0035,P012,2026-08-08T16:30:00+09:00,landing_view,1,
synthetic_course_demo,EV0154,S0035,P012,2026-08-08T16:30:00+09:00,routine_builder_start,2,
synthetic_course_demo,EV0155,S0035,P012,2026-08-08T16:30:00+09:00,recommendation_view,3,recovery
synthetic_course_demo,EV0156,S0035,P012,2026-08-08T16:30:00+09:00,routine_start,4,
synthetic_course_demo,EV0157,S0035,P012,2026-08-08T16:30:00+09:00,routine_complete,5,
synthetic_course_demo,EV0158,S0035,P012,2026-08-08T16:30:00+09:00,feedback_submit,6,4
synthetic_course_demo,EV0159,S0036,P003,2026-08-09T09:30:00+09:00,landing_view,1,
synthetic_course_demo,EV0160,S0036,P003,2026-08-09T09:30:00+09:00,routine_builder_start,2,
synthetic_course_demo,EV0161,S0036,P003,2026-08-09T09:30:00+09:00,recommendation_view,3,study
synthetic_course_demo,EV0162,S0036,P003,2026-08-09T09:30:00+09:00,routine_start,4,
synthetic_course_demo,EV0163,S0036,P003,2026-08-09T09:30:00+09:00,routine_complete,5,
synthetic_course_demo,EV0164,S0036,P003,2026-08-09T09:30:00+09:00,feedback_submit,6,4
synthetic_course_demo,EV0165,S0037,P021,2026-08-10T14:00:00+09:00,landing_view,1,
synthetic_course_demo,EV0166,S0037,P021,2026-08-10T14:00:00+09:00,routine_builder_start,2,
synthetic_course_demo,EV0167,S0037,P021,2026-08-10T14:00:00+09:00,recommendation_view,3,admin
synthetic_course_demo,EV0168,S0038,P030,2026-08-11T14:10:00+09:00,landing_view,1,
synthetic_course_demo,EV0169,S0038,P030,2026-08-11T14:10:00+09:00,routine_builder_start,2,
synthetic_course_demo,EV0170,S0038,P030,2026-08-11T14:10:00+09:00,recommendation_view,3,exercise
synthetic_course_demo,EV0171,S0038,P030,2026-08-11T14:10:00+09:00,routine_start,4,
synthetic_course_demo,EV0172,S0038,P030,2026-08-11T14:10:00+09:00,routine_complete,5,
synthetic_course_demo,EV0173,S0039,P020,2026-08-12T18:20:00+09:00,landing_view,1,
synthetic_course_demo,EV0174,S0039,P020,2026-08-12T18:20:00+09:00,routine_builder_start,2,
synthetic_course_demo,EV0175,S0039,P020,2026-08-12T18:20:00+09:00,recommendation_view,3,recovery
synthetic_course_demo,EV0176,S0039,P020,2026-08-12T18:20:00+09:00,routine_start,4,
synthetic_course_demo,EV0177,S0039,P020,2026-08-12T18:20:00+09:00,routine_complete,5,
synthetic_course_demo,EV0178,S0039,P020,2026-08-12T18:20:00+09:00,feedback_submit,6,4
synthetic_course_demo,EV0179,S0040,P016,2026-08-13T14:50:00+09:00,landing_view,1,
synthetic_course_demo,EV0180,S0040,P016,2026-08-13T14:50:00+09:00,routine_builder_start,2,
synthetic_course_demo,EV0181,S0040,P016,2026-08-13T14:50:00+09:00,recommendation_view,3,admin
synthetic_course_demo,EV0182,S0040,P016,2026-08-13T14:50:00+09:00,routine_start,4,
synthetic_course_demo,EV0183,S0040,P016,2026-08-13T14:50:00+09:00,routine_complete,5,
synthetic_course_demo,EV0184,S0040,P016,2026-08-13T14:50:00+09:00,feedback_submit,6,3
synthetic_course_demo,EV0185,S0041,P011,2026-08-04T12:50:00+09:00,landing_view,1,
synthetic_course_demo,EV0186,S0041,P011,2026-08-04T12:50:00+09:00,routine_builder_start,2,
synthetic_course_demo,EV0187,S0041,P011,2026-08-04T12:50:00+09:00,recommendation_view,3,recovery
synthetic_course_demo,EV0188,S0041,P011,2026-08-04T12:50:00+09:00,routine_start,4,
synthetic_course_demo,EV0189,S0041,P011,2026-08-04T12:50:00+09:00,routine_complete,5,
synthetic_course_demo,EV0190,S0041,P011,2026-08-04T12:50:00+09:00,feedback_submit,6,5
synthetic_course_demo,EV0191,S0042,P028,2026-08-05T18:40:00+09:00,landing_view,1,
synthetic_course_demo,EV0192,S0042,P028,2026-08-05T18:40:00+09:00,routine_builder_start,2,
synthetic_course_demo,EV0193,S0042,P028,2026-08-05T18:40:00+09:00,recommendation_view,3,recovery
synthetic_course_demo,EV0194,S0042,P028,2026-08-05T18:40:00+09:00,routine_start,4,
synthetic_course_demo,EV0195,S0042,P028,2026-08-05T18:40:00+09:00,routine_complete,5,
synthetic_course_demo,EV0196,S0042,P028,2026-08-05T18:40:00+09:00,feedback_submit,6,3
synthetic_course_demo,EV0197,S0043,P035,2026-08-06T13:50:00+09:00,landing_view,1,
synthetic_course_demo,EV0198,S0043,P035,2026-08-06T13:50:00+09:00,routine_builder_start,2,
synthetic_course_demo,EV0199,S0043,P035,2026-08-06T13:50:00+09:00,recommendation_view,3,recovery
synthetic_course_demo,EV0200,S0043,P035,2026-08-06T13:50:00+09:00,routine_start,4,
synthetic_course_demo,EV0201,S0044,P001,2026-08-07T10:00:00+09:00,landing_view,1,
synthetic_course_demo,EV0202,S0044,P001,2026-08-07T10:00:00+09:00,routine_builder_start,2,
synthetic_course_demo,EV0203,S0044,P001,2026-08-07T10:00:00+09:00,recommendation_view,3,recovery
synthetic_course_demo,EV0204,S0044,P001,2026-08-07T10:00:00+09:00,routine_start,4,
synthetic_course_demo,EV0205,S0044,P001,2026-08-07T10:00:00+09:00,routine_complete,5,
synthetic_course_demo,EV0206,S0045,P033,2026-08-08T13:10:00+09:00,landing_view,1,
synthetic_course_demo,EV0207,S0045,P033,2026-08-08T13:10:00+09:00,routine_builder_start,2,
synthetic_course_demo,EV0208,S0045,P033,2026-08-08T13:10:00+09:00,recommendation_view,3,admin
synthetic_course_demo,EV0209,S0046,P014,2026-08-09T11:40:00+09:00,landing_view,1,
synthetic_course_demo,EV0210,S0046,P014,2026-08-09T11:40:00+09:00,routine_builder_start,2,
synthetic_course_demo,EV0211,S0046,P014,2026-08-09T11:40:00+09:00,recommendation_view,3,study
synthetic_course_demo,EV0212,S0046,P014,2026-08-09T11:40:00+09:00,routine_start,4,
synthetic_course_demo,EV0213,S0046,P014,2026-08-09T11:40:00+09:00,routine_complete,5,
synthetic_course_demo,EV0214,S0046,P014,2026-08-09T11:40:00+09:00,feedback_submit,6,5
synthetic_course_demo,EV0215,S0047,P004,2026-08-10T20:10:00+09:00,landing_view,1,
synthetic_course_demo,EV0216,S0047,P004,2026-08-10T20:10:00+09:00,routine_builder_start,2,
synthetic_course_demo,EV0217,S0047,P004,2026-08-10T20:10:00+09:00,recommendation_view,3,exercise
synthetic_course_demo,EV0218,S0047,P004,2026-08-10T20:10:00+09:00,routine_start,4,
synthetic_course_demo,EV0219,S0047,P004,2026-08-10T20:10:00+09:00,routine_complete,5,
synthetic_course_demo,EV0220,S0047,P004,2026-08-10T20:10:00+09:00,feedback_submit,6,5
synthetic_course_demo,EV0221,S0048,P030,2026-08-11T17:10:00+09:00,landing_view,1,
synthetic_course_demo,EV0222,S0048,P030,2026-08-11T17:10:00+09:00,routine_builder_start,2,
synthetic_course_demo,EV0223,S0048,P030,2026-08-11T17:10:00+09:00,recommendation_view,3,admin
synthetic_course_demo,EV0224,S0049,P037,2026-08-12T20:50:00+09:00,landing_view,1,
synthetic_course_demo,EV0225,S0049,P037,2026-08-12T20:50:00+09:00,routine_builder_start,2,
synthetic_course_demo,EV0226,S0049,P037,2026-08-12T20:50:00+09:00,recommendation_view,3,recovery
synthetic_course_demo,EV0227,S0049,P037,2026-08-12T20:50:00+09:00,routine_start,4,
synthetic_course_demo,EV0228,S0049,P037,2026-08-12T20:50:00+09:00,routine_complete,5,
synthetic_course_demo,EV0229,S0049,P037,2026-08-12T20:50:00+09:00,feedback_submit,6,2
synthetic_course_demo,EV0230,S0050,P036,2026-08-13T18:30:00+09:00,landing_view,1,
synthetic_course_demo,EV0231,S0050,P036,2026-08-13T18:30:00+09:00,routine_builder_start,2,
synthetic_course_demo,EV0232,S0050,P036,2026-08-13T18:30:00+09:00,recommendation_view,3,exercise
synthetic_course_demo,EV0233,S0051,P036,2026-08-04T12:50:00+09:00,landing_view,1,
synthetic_course_demo,EV0234,S0051,P036,2026-08-04T12:50:00+09:00,routine_builder_start,2,
synthetic_course_demo,EV0235,S0051,P036,2026-08-04T12:50:00+09:00,recommendation_view,3,exercise
synthetic_course_demo,EV0236,S0051,P036,2026-08-04T12:50:00+09:00,routine_start,4,
synthetic_course_demo,EV0237,S0051,P036,2026-08-04T12:50:00+09:00,routine_complete,5,
synthetic_course_demo,EV0238,S0052,P039,2026-08-05T16:10:00+09:00,landing_view,1,
synthetic_course_demo,EV0239,S0052,P039,2026-08-05T16:10:00+09:00,routine_builder_start,2,
synthetic_course_demo,EV0240,S0052,P039,2026-08-05T16:10:00+09:00,recommendation_view,3,recovery
synthetic_course_demo,EV0241,S0052,P039,2026-08-05T16:10:00+09:00,routine_start,4,
synthetic_course_demo,EV0242,S0052,P039,2026-08-05T16:10:00+09:00,feedback_submit,6,3
synthetic_course_demo,EV0243,S0053,P040,2026-08-06T18:00:00+09:00,landing_view,1,
synthetic_course_demo,EV0244,S0053,P040,2026-08-06T18:00:00+09:00,routine_builder_start,2,
synthetic_course_demo,EV0245,S0053,P040,2026-08-06T18:00:00+09:00,recommendation_view,3,study
synthetic_course_demo,EV0246,S0053,P040,2026-08-06T18:00:00+09:00,routine_start,4,
synthetic_course_demo,EV0247,S0053,P040,2026-08-06T18:00:00+09:00,routine_complete,5,
synthetic_course_demo,EV0248,S0054,P029,2026-08-07T17:20:00+09:00,landing_view,1,
synthetic_course_demo,EV0249,S0054,P029,2026-08-07T17:20:00+09:00,routine_builder_start,2,
synthetic_course_demo,EV0250,S0054,P029,2026-08-07T17:20:00+09:00,recommendation_view,3,admin
synthetic_course_demo,EV0251,S0054,P029,2026-08-07T17:20:00+09:00,routine_start,4,
synthetic_course_demo,EV0252,S0054,P029,2026-08-07T17:20:00+09:00,routine_complete,5,
synthetic_course_demo,EV0253,S0054,P029,2026-08-07T17:20:00+09:00,feedback_submit,6,5
synthetic_course_demo,EV0254,S0055,P035,2026-08-08T10:50:00+09:00,landing_view,1,
synthetic_course_demo,EV0255,S0055,P035,2026-08-08T10:50:00+09:00,routine_builder_start,2,
synthetic_course_demo,EV0256,S0055,P035,2026-08-08T10:50:00+09:00,recommendation_view,3,recovery
synthetic_course_demo,EV0257,S0055,P035,2026-08-08T10:50:00+09:00,routine_start,4,
synthetic_course_demo,EV0258,S0055,P035,2026-08-08T10:50:00+09:00,routine_complete,5,
synthetic_course_demo,EV0259,S0056,P005,2026-08-09T14:00:00+09:00,landing_view,1,
synthetic_course_demo,EV0260,S0056,P005,2026-08-09T14:00:00+09:00,routine_builder_start,2,
synthetic_course_demo,EV0261,S0056,P005,2026-08-09T14:00:00+09:00,recommendation_view,3,admin
synthetic_course_demo,EV0262,S0056,P005,2026-08-09T14:00:00+09:00,routine_start,4,
synthetic_course_demo,EV0263,S0056,P005,2026-08-09T14:00:00+09:00,routine_complete,5,
synthetic_course_demo,EV0264,S0057,P025,2026-08-10T09:40:00+09:00,landing_view,1,
synthetic_course_demo,EV0265,S0057,P025,2026-08-10T09:40:00+09:00,routine_builder_start,2,
synthetic_course_demo,EV0266,S0057,P025,2026-08-10T09:40:00+09:00,recommendation_view,3,recovery
synthetic_course_demo,EV0267,S0057,P025,2026-08-10T09:40:00+09:00,routine_start,4,
synthetic_course_demo,EV0268,S0057,P025,2026-08-10T09:40:00+09:00,routine_complete,5,
synthetic_course_demo,EV0269,S0057,P025,2026-08-10T09:40:00+09:00,feedback_submit,6,4
synthetic_course_demo,EV0270,S0058,P028,2026-08-11T20:50:00+09:00,landing_view,1,
synthetic_course_demo,EV0271,S0058,P028,2026-08-11T20:50:00+09:00,routine_builder_start,2,
synthetic_course_demo,EV0272,S0058,P028,2026-08-11T20:50:00+09:00,recommendation_view,3,recovery
synthetic_course_demo,EV0273,S0059,P013,2026-08-12T17:10:00+09:00,landing_view,1,
synthetic_course_demo,EV0274,S0059,P013,2026-08-12T17:10:00+09:00,routine_builder_start,2,
synthetic_course_demo,EV0275,S0059,P013,2026-08-12T17:10:00+09:00,recommendation_view,3,admin
synthetic_course_demo,EV0276,S0059,P013,2026-08-12T17:10:00+09:00,routine_start,4,
synthetic_course_demo,EV0277,S0060,P022,2026-08-13T20:40:00+09:00,landing_view,1,
synthetic_course_demo,EV0278,S0060,P022,2026-08-13T20:40:00+09:00,routine_builder_start,2,
synthetic_course_demo,EV0279,S0060,P022,2026-08-13T20:40:00+09:00,recommendation_view,3,admin
synthetic_course_demo,EV0280,S0060,P022,2026-08-13T20:40:00+09:00,routine_start,4,
synthetic_course_demo,EV0281,S0060,P022,2026-08-13T20:40:00+09:00,routine_complete,5,
synthetic_course_demo,EV0282,S0060,P022,2026-08-13T20:40:00+09:00,feedback_submit,6,5
synthetic_course_demo,EV0283,S0061,P018,2026-08-04T10:10:00+09:00,landing_view,1,
synthetic_course_demo,EV0284,S0061,P018,2026-08-04T10:10:00+09:00,routine_builder_start,2,
synthetic_course_demo,EV0285,S0061,P018,2026-08-04T10:10:00+09:00,recommendation_view,3,exercise
synthetic_course_demo,EV0286,S0061,P018,2026-08-04T10:10:00+09:00,routine_start,4,
synthetic_course_demo,EV0287,S0061,P018,2026-08-04T10:10:00+09:00,routine_complete,5,
synthetic_course_demo,EV0288,S0061,P018,2026-08-04T10:10:00+09:00,feedback_submit,6,5
synthetic_course_demo,EV0289,S0062,P025,2026-08-05T17:40:00+09:00,landing_view,1,
synthetic_course_demo,EV0290,S0062,P025,2026-08-05T17:40:00+09:00,routine_builder_start,2,
synthetic_course_demo,EV0291,S0062,P025,2026-08-05T17:40:00+09:00,recommendation_view,3,admin
synthetic_course_demo,EV0292,S0063,P023,2026-08-06T09:10:00+09:00,landing_view,1,
synthetic_course_demo,EV0293,S0063,P023,2026-08-06T09:10:00+09:00,routine_builder_start,2,
synthetic_course_demo,EV0294,S0063,P023,2026-08-06T09:10:00+09:00,recommendation_view,3,exercise
synthetic_course_demo,EV0295,S0063,P023,2026-08-06T09:10:00+09:00,routine_start,4,
synthetic_course_demo,EV0296,S0063,P023,2026-08-06T09:10:00+09:00,routine_complete,5,
synthetic_course_demo,EV0297,S0063,P023,2026-08-06T09:10:00+09:00,feedback_submit,6,4
synthetic_course_demo,EV0298,S0064,P038,2026-08-07T18:30:00+09:00,landing_view,1,
synthetic_course_demo,EV0299,S0064,P038,2026-08-07T18:30:00+09:00,routine_builder_start,2,
synthetic_course_demo,EV0300,S0064,P038,2026-08-07T18:30:00+09:00,recommendation_view,3,admin
synthetic_course_demo,EV0301,S0064,P038,2026-08-07T18:30:00+09:00,routine_start,4,
synthetic_course_demo,EV0302,S0065,P033,2026-08-08T16:00:00+09:00,landing_view,1,
synthetic_course_demo,EV0303,S0065,P033,2026-08-08T16:00:00+09:00,routine_builder_start,2,
synthetic_course_demo,EV0304,S0065,P033,2026-08-08T16:00:00+09:00,recommendation_view,3,study
synthetic_course_demo,EV0305,S0066,P039,2026-08-09T14:40:00+09:00,landing_view,1,
synthetic_course_demo,EV0306,S0066,P039,2026-08-09T14:40:00+09:00,routine_builder_start,2,
synthetic_course_demo,EV0307,S0066,P039,2026-08-09T14:40:00+09:00,recommendation_view,3,recovery
synthetic_course_demo,EV0308,S0066,P039,2026-08-09T14:40:00+09:00,routine_start,4,
synthetic_course_demo,EV0309,S0066,P039,2026-08-09T14:40:00+09:00,routine_complete,5,
synthetic_course_demo,EV0310,S0066,P039,2026-08-09T14:40:00+09:00,feedback_submit,6,4
synthetic_course_demo,EV0311,S0067,P032,2026-08-10T13:30:00+09:00,landing_view,1,
synthetic_course_demo,EV0312,S0067,P032,2026-08-10T13:30:00+09:00,routine_builder_start,2,
synthetic_course_demo,EV0313,S0067,P032,2026-08-10T13:30:00+09:00,recommendation_view,3,recovery
synthetic_course_demo,EV0314,S0067,P032,2026-08-10T13:30:00+09:00,routine_start,4,
synthetic_course_demo,EV0315,S0067,P032,2026-08-10T13:30:00+09:00,routine_complete,5,
synthetic_course_demo,EV0316,S0068,P038,2026-08-11T16:00:00+09:00,landing_view,1,
synthetic_course_demo,EV0317,S0068,P038,2026-08-11T16:00:00+09:00,routine_builder_start,2,
synthetic_course_demo,EV0318,S0068,P038,2026-08-11T16:00:00+09:00,recommendation_view,3,exercise
synthetic_course_demo,EV0319,S0068,P038,2026-08-11T16:00:00+09:00,routine_start,4,
synthetic_course_demo,EV0320,S0069,P040,2026-08-12T11:20:00+09:00,landing_view,1,
synthetic_course_demo,EV0321,S0069,P040,2026-08-12T11:20:00+09:00,routine_builder_start,2,
synthetic_course_demo,EV0322,S0069,P040,2026-08-12T11:20:00+09:00,recommendation_view,3,recovery
synthetic_course_demo,EV0323,S0070,P029,2026-08-13T15:10:00+09:00,landing_view,1,
synthetic_course_demo,EV0324,S0070,P029,2026-08-13T15:10:00+09:00,routine_builder_start,2,
synthetic_course_demo,EV0325,S0070,P029,2026-08-13T15:10:00+09:00,recommendation_view,3,recovery
synthetic_course_demo,EV0326,S0070,P029,2026-08-13T15:10:00+09:00,routine_start,4,
synthetic_course_demo,EV0327,S0070,P029,2026-08-13T15:10:00+09:00,routine_complete,5,
synthetic_course_demo,EV0328,S0070,P029,2026-08-13T15:10:00+09:00,feedback_submit,6,3
synthetic_course_demo,EV0329,S0071,P034,2026-08-04T19:50:00+09:00,landing_view,1,
synthetic_course_demo,EV0330,S0071,P034,2026-08-04T19:50:00+09:00,routine_builder_start,2,
synthetic_course_demo,EV0331,S0071,P034,2026-08-04T19:50:00+09:00,recommendation_view,3,admin
synthetic_course_demo,EV0332,S0071,P034,2026-08-04T19:50:00+09:00,routine_start,4,
synthetic_course_demo,EV0333,S0072,P027,2026-08-05T14:30:00+09:00,landing_view,1,
synthetic_course_demo,EV0334,S0072,P027,2026-08-05T14:30:00+09:00,routine_builder_start,2,
synthetic_course_demo,EV0335,S0072,P027,2026-08-05T14:30:00+09:00,recommendation_view,3,admin
synthetic_course_demo,EV0336,S0072,P027,2026-08-05T14:30:00+09:00,routine_start,4,
synthetic_course_demo,EV0337,S0072,P027,2026-08-05T14:30:00+09:00,routine_complete,5,
synthetic_course_demo,EV0338,S0072,P027,2026-08-05T14:30:00+09:00,feedback_submit,6,4
synthetic_course_demo,EV0339,S0073,P009,2026-08-06T14:20:00+09:00,landing_view,1,
synthetic_course_demo,EV0340,S0073,P009,2026-08-06T14:20:00+09:00,routine_builder_start,2,
synthetic_course_demo,EV0341,S0073,P009,2026-08-06T14:20:00+09:00,recommendation_view,3,recovery
synthetic_course_demo,EV0342,S0073,P009,2026-08-06T14:20:00+09:00,routine_start,4,
synthetic_course_demo,EV0343,S0073,P009,2026-08-06T14:20:00+09:00,feedback_submit,6,5
synthetic_course_demo,EV0344,S0074,P037,2026-08-07T18:40:00+09:00,landing_view,1,
synthetic_course_demo,EV0345,S0074,P037,2026-08-07T18:40:00+09:00,routine_builder_start,2,
synthetic_course_demo,EV0346,S0074,P037,2026-08-07T18:40:00+09:00,recommendation_view,3,study
synthetic_course_demo,EV0347,S0075,P031,2026-08-08T10:20:00+09:00,landing_view,1,
synthetic_course_demo,EV0348,S0075,P031,2026-08-08T10:20:00+09:00,routine_builder_start,2,
synthetic_course_demo,EV0349,S0075,P031,2026-08-08T10:20:00+09:00,recommendation_view,3,study
synthetic_course_demo,EV0350,S0075,P031,2026-08-08T10:20:00+09:00,routine_start,4,
synthetic_course_demo,EV0351,S0075,P031,2026-08-08T10:20:00+09:00,routine_complete,5,
synthetic_course_demo,EV0352,S0075,P031,2026-08-08T10:20:00+09:00,feedback_submit,6,4
synthetic_course_demo,EV0353,S0076,P027,2026-08-09T11:50:00+09:00,landing_view,1,
synthetic_course_demo,EV0354,S0076,P027,2026-08-09T11:50:00+09:00,routine_builder_start,2,
synthetic_course_demo,EV0355,S0076,P027,2026-08-09T11:50:00+09:00,recommendation_view,3,study
synthetic_course_demo,EV0356,S0076,P027,2026-08-09T11:50:00+09:00,routine_start,4,
synthetic_course_demo,EV0357,S0076,P027,2026-08-09T11:50:00+09:00,routine_complete,5,
synthetic_course_demo,EV0358,S0076,P027,2026-08-09T11:50:00+09:00,feedback_submit,6,3
synthetic_course_demo,EV0359,S0077,P027,2026-08-10T11:20:00+09:00,landing_view,1,
synthetic_course_demo,EV0360,S0077,P027,2026-08-10T11:20:00+09:00,routine_builder_start,2,
synthetic_course_demo,EV0361,S0077,P027,2026-08-10T11:20:00+09:00,recommendation_view,3,admin
synthetic_course_demo,EV0362,S0077,P027,2026-08-10T11:20:00+09:00,routine_start,4,
synthetic_course_demo,EV0363,S0077,P027,2026-08-10T11:20:00+09:00,routine_complete,5,
synthetic_course_demo,EV0364,S0077,P027,2026-08-10T11:20:00+09:00,feedback_submit,6,4
synthetic_course_demo,EV0365,S0078,P026,2026-08-11T18:40:00+09:00,landing_view,1,
synthetic_course_demo,EV0366,S0078,P026,2026-08-11T18:40:00+09:00,routine_builder_start,2,
synthetic_course_demo,EV0367,S0078,P026,2026-08-11T18:40:00+09:00,recommendation_view,3,recovery
synthetic_course_demo,EV0368,S0078,P026,2026-08-11T18:40:00+09:00,routine_start,4,
synthetic_course_demo,EV0369,S0078,P026,2026-08-11T18:40:00+09:00,routine_complete,5,
synthetic_course_demo,EV0370,S0079,P008,2026-08-12T14:50:00+09:00,landing_view,1,
synthetic_course_demo,EV0371,S0079,P008,2026-08-12T14:50:00+09:00,routine_builder_start,2,
synthetic_course_demo,EV0372,S0079,P008,2026-08-12T14:50:00+09:00,recommendation_view,3,study
synthetic_course_demo,EV0373,S0080,P019,2026-08-13T16:10:00+09:00,landing_view,1,
synthetic_course_demo,EV0374,S0080,P019,2026-08-13T16:10:00+09:00,routine_builder_start,2,
synthetic_course_demo,EV0375,S0080,P019,2026-08-13T16:10:00+09:00,recommendation_view,3,study
synthetic_course_demo,EV0376,S0080,P019,2026-08-13T16:10:00+09:00,routine_start,4,
synthetic_course_demo,EV0377,S0080,P019,2026-08-13T16:10:00+09:00,feedback_submit,6,4
synthetic_course_demo,EV0378,S0081,P039,2026-08-04T14:50:00+09:00,landing_view,1,
synthetic_course_demo,EV0379,S0081,P039,2026-08-04T14:50:00+09:00,routine_builder_start,2,
synthetic_course_demo,EV0380,S0081,P039,2026-08-04T14:50:00+09:00,recommendation_view,3,exercise
synthetic_course_demo,EV0381,S0082,P014,2026-08-05T17:40:00+09:00,landing_view,1,
synthetic_course_demo,EV0382,S0082,P014,2026-08-05T17:40:00+09:00,routine_builder_start,2,
synthetic_course_demo,EV0383,S0082,P014,2026-08-05T17:40:00+09:00,recommendation_view,3,recovery
synthetic_course_demo,EV0384,S0083,P034,2026-08-06T13:10:00+09:00,landing_view,1,
synthetic_course_demo,EV0385,S0083,P034,2026-08-06T13:10:00+09:00,routine_builder_start,2,
synthetic_course_demo,EV0386,S0083,P034,2026-08-06T13:10:00+09:00,recommendation_view,3,recovery
synthetic_course_demo,EV0387,S0084,P031,2026-08-07T19:40:00+09:00,landing_view,1,
synthetic_course_demo,EV0388,S0084,P031,2026-08-07T19:40:00+09:00,routine_builder_start,2,
synthetic_course_demo,EV0389,S0084,P031,2026-08-07T19:40:00+09:00,recommendation_view,3,exercise
synthetic_course_demo,EV0390,S0085,P035,2026-08-08T10:50:00+09:00,landing_view,1,
synthetic_course_demo,EV0391,S0085,P035,2026-08-08T10:50:00+09:00,routine_builder_start,2,
synthetic_course_demo,EV0392,S0085,P035,2026-08-08T10:50:00+09:00,recommendation_view,3,recovery
synthetic_course_demo,EV0393,S0085,P035,2026-08-08T10:50:00+09:00,routine_start,4,
synthetic_course_demo,EV0394,S0085,P035,2026-08-08T10:50:00+09:00,feedback_submit,6,4
synthetic_course_demo,EV0395,S0086,P033,2026-08-09T11:10:00+09:00,landing_view,1,
synthetic_course_demo,EV0396,S0086,P033,2026-08-09T11:10:00+09:00,routine_builder_start,2,
synthetic_course_demo,EV0397,S0086,P033,2026-08-09T11:10:00+09:00,recommendation_view,3,exercise
synthetic_course_demo,EV0398,S0086,P033,2026-08-09T11:10:00+09:00,routine_start,4,
synthetic_course_demo,EV0399,S0086,P033,2026-08-09T11:10:00+09:00,routine_complete,5,
synthetic_course_demo,EV0400,S0086,P033,2026-08-09T11:10:00+09:00,feedback_submit,6,4
synthetic_course_demo,EV0401,S0087,P032,2026-08-10T14:00:00+09:00,landing_view,1,
synthetic_course_demo,EV0402,S0087,P032,2026-08-10T14:00:00+09:00,routine_builder_start,2,
synthetic_course_demo,EV0403,S0087,P032,2026-08-10T14:00:00+09:00,recommendation_view,3,exercise
synthetic_course_demo,EV0404,S0087,P032,2026-08-10T14:00:00+09:00,routine_start,4,
synthetic_course_demo,EV0405,S0087,P032,2026-08-10T14:00:00+09:00,routine_complete,5,
synthetic_course_demo,EV0406,S0087,P032,2026-08-10T14:00:00+09:00,feedback_submit,6,5
synthetic_course_demo,EV0407,S0088,P038,2026-08-11T17:10:00+09:00,landing_view,1,
synthetic_course_demo,EV0408,S0088,P038,2026-08-11T17:10:00+09:00,routine_builder_start,2,
synthetic_course_demo,EV0409,S0088,P038,2026-08-11T17:10:00+09:00,recommendation_view,3,admin
synthetic_course_demo,EV0410,S0088,P038,2026-08-11T17:10:00+09:00,routine_start,4,
synthetic_course_demo,EV0411,S0088,P038,2026-08-11T17:10:00+09:00,routine_complete,5,
synthetic_course_demo,EV0412,S0088,P038,2026-08-11T17:10:00+09:00,feedback_submit,6,5
synthetic_course_demo,EV0413,S0089,P026,2026-08-12T11:40:00+09:00,landing_view,1,
synthetic_course_demo,EV0414,S0089,P026,2026-08-12T11:40:00+09:00,routine_builder_start,2,
synthetic_course_demo,EV0415,S0089,P026,2026-08-12T11:40:00+09:00,recommendation_view,3,study
synthetic_course_demo,EV0416,S0089,P026,2026-08-12T11:40:00+09:00,routine_start,4,
synthetic_course_demo,EV0417,S0089,P026,2026-08-12T11:40:00+09:00,routine_complete,5,
synthetic_course_demo,EV0418,S0089,P026,2026-08-12T11:40:00+09:00,feedback_submit,6,5
synthetic_course_demo,EV0419,S0090,P016,2026-08-13T12:30:00+09:00,landing_view,1,
synthetic_course_demo,EV0420,S0090,P016,2026-08-13T12:30:00+09:00,routine_builder_start,2,
synthetic_course_demo,EV0421,S0090,P016,2026-08-13T12:30:00+09:00,recommendation_view,3,recovery
synthetic_course_demo,EV0422,S0090,P016,2026-08-13T12:30:00+09:00,routine_start,4,
synthetic_course_demo,EV0423,S0090,P016,2026-08-13T12:30:00+09:00,routine_complete,5,
synthetic_course_demo,EV0424,S0090,P016,2026-08-13T12:30:00+09:00,feedback_submit,6,5
synthetic_course_demo,EV0425,S0091,P031,2026-08-04T20:30:00+09:00,landing_view,1,
synthetic_course_demo,EV0426,S0091,P031,2026-08-04T20:30:00+09:00,routine_builder_start,2,
synthetic_course_demo,EV0427,S0091,P031,2026-08-04T20:30:00+09:00,recommendation_view,3,admin
synthetic_course_demo,EV0428,S0091,P031,2026-08-04T20:30:00+09:00,routine_start,4,
synthetic_course_demo,EV0429,S0091,P031,2026-08-04T20:30:00+09:00,routine_complete,5,
synthetic_course_demo,EV0430,S0091,P031,2026-08-04T20:30:00+09:00,feedback_submit,6,5
synthetic_course_demo,EV0431,S0092,P024,2026-08-05T19:30:00+09:00,landing_view,1,
synthetic_course_demo,EV0432,S0092,P024,2026-08-05T19:30:00+09:00,routine_builder_start,2,
synthetic_course_demo,EV0433,S0092,P024,2026-08-05T19:30:00+09:00,recommendation_view,3,recovery
synthetic_course_demo,EV0434,S0092,P024,2026-08-05T19:30:00+09:00,routine_start,4,
synthetic_course_demo,EV0435,S0092,P024,2026-08-05T19:30:00+09:00,routine_complete,5,
synthetic_course_demo,EV0436,S0092,P024,2026-08-05T19:30:00+09:00,feedback_submit,6,5
synthetic_course_demo,EV0437,S0093,P006,2026-08-06T09:20:00+09:00,landing_view,1,
synthetic_course_demo,EV0438,S0093,P006,2026-08-06T09:20:00+09:00,routine_builder_start,2,
synthetic_course_demo,EV0439,S0093,P006,2026-08-06T09:20:00+09:00,recommendation_view,3,recovery
synthetic_course_demo,EV0440,S0093,P006,2026-08-06T09:20:00+09:00,routine_start,4,
synthetic_course_demo,EV0441,S0094,P025,2026-08-07T13:50:00+09:00,landing_view,1,
synthetic_course_demo,EV0442,S0094,P025,2026-08-07T13:50:00+09:00,routine_builder_start,2,
synthetic_course_demo,EV0443,S0094,P025,2026-08-07T13:50:00+09:00,recommendation_view,3,exercise
synthetic_course_demo,EV0444,S0094,P025,2026-08-07T13:50:00+09:00,routine_start,4,
synthetic_course_demo,EV0445,S0094,P025,2026-08-07T13:50:00+09:00,routine_complete,5,
synthetic_course_demo,EV0446,S0094,P025,2026-08-07T13:50:00+09:00,feedback_submit,6,2
synthetic_course_demo,EV0447,S0095,P039,2026-08-08T13:40:00+09:00,landing_view,1,
synthetic_course_demo,EV0448,S0095,P039,2026-08-08T13:40:00+09:00,routine_builder_start,2,
synthetic_course_demo,EV0449,S0095,P039,2026-08-08T13:40:00+09:00,recommendation_view,3,study
synthetic_course_demo,EV0450,S0096,P024,2026-08-09T14:30:00+09:00,landing_view,1,
synthetic_course_demo,EV0451,S0096,P024,2026-08-09T14:30:00+09:00,routine_builder_start,2,
synthetic_course_demo,EV0452,S0096,P024,2026-08-09T14:30:00+09:00,recommendation_view,3,study
synthetic_course_demo,EV0453,S0096,P024,2026-08-09T14:30:00+09:00,routine_start,4,
synthetic_course_demo,EV0454,S0097,P032,2026-08-10T14:30:00+09:00,landing_view,1,
synthetic_course_demo,EV0455,S0097,P032,2026-08-10T14:30:00+09:00,routine_builder_start,2,
synthetic_course_demo,EV0456,S0097,P032,2026-08-10T14:30:00+09:00,recommendation_view,3,study
synthetic_course_demo,EV0457,S0097,P032,2026-08-10T14:30:00+09:00,routine_start,4,
synthetic_course_demo,EV0458,S0097,P032,2026-08-10T14:30:00+09:00,routine_complete,5,
synthetic_course_demo,EV0459,S0097,P032,2026-08-10T14:30:00+09:00,feedback_submit,6,4
synthetic_course_demo,EV0460,S0098,P019,2026-08-11T12:30:00+09:00,landing_view,1,
synthetic_course_demo,EV0461,S0098,P019,2026-08-11T12:30:00+09:00,routine_builder_start,2,
synthetic_course_demo,EV0462,S0098,P019,2026-08-11T12:30:00+09:00,recommendation_view,3,study
synthetic_course_demo,EV0463,S0099,P036,2026-08-12T15:40:00+09:00,landing_view,1,
synthetic_course_demo,EV0464,S0099,P036,2026-08-12T15:40:00+09:00,routine_builder_start,2,
synthetic_course_demo,EV0465,S0099,P036,2026-08-12T15:40:00+09:00,recommendation_view,3,recovery
synthetic_course_demo,EV0466,S0099,P036,2026-08-12T15:40:00+09:00,routine_start,4,
synthetic_course_demo,EV0467,S0100,P037,2026-08-13T18:20:00+09:00,landing_view,1,
synthetic_course_demo,EV0468,S0100,P037,2026-08-13T18:20:00+09:00,routine_builder_start,2,
synthetic_course_demo,EV0469,S0100,P037,2026-08-13T18:20:00+09:00,recommendation_view,3,exercise
synthetic_course_demo,EV0470,S0100,P037,2026-08-13T18:20:00+09:00,routine_start,4,
synthetic_course_demo,EV0471,S0100,P037,2026-08-13T18:20:00+09:00,routine_complete,5,
synthetic_course_demo,EV0472,S0100,P037,2026-08-13T18:20:00+09:00,feedback_submit,6,4
synthetic_course_demo,EV0473,S0101,P039,2026-08-04T16:10:00+09:00,landing_view,1,
synthetic_course_demo,EV0474,S0101,P039,2026-08-04T16:10:00+09:00,routine_builder_start,2,
synthetic_course_demo,EV0475,S0101,P039,2026-08-04T16:10:00+09:00,recommendation_view,3,recovery
synthetic_course_demo,EV0476,S0101,P039,2026-08-04T16:10:00+09:00,routine_start,4,
synthetic_course_demo,EV0477,S0101,P039,2026-08-04T16:10:00+09:00,routine_complete,5,
synthetic_course_demo,EV0478,S0101,P039,2026-08-04T16:10:00+09:00,feedback_submit,6,4
synthetic_course_demo,EV0479,S0102,P023,2026-08-05T12:10:00+09:00,landing_view,1,
synthetic_course_demo,EV0480,S0102,P023,2026-08-05T12:10:00+09:00,routine_builder_start,2,
synthetic_course_demo,EV0481,S0102,P023,2026-08-05T12:10:00+09:00,recommendation_view,3,exercise
synthetic_course_demo,EV0482,S0103,P034,2026-08-06T15:20:00+09:00,landing_view,1,
synthetic_course_demo,EV0483,S0103,P034,2026-08-06T15:20:00+09:00,routine_builder_start,2,
synthetic_course_demo,EV0484,S0103,P034,2026-08-06T15:20:00+09:00,recommendation_view,3,study
synthetic_course_demo,EV0485,S0103,P034,2026-08-06T15:20:00+09:00,routine_start,4,
synthetic_course_demo,EV0486,S0103,P034,2026-08-06T15:20:00+09:00,feedback_submit,6,4
synthetic_course_demo,EV0487,S0104,P020,2026-08-07T12:50:00+09:00,landing_view,1,
synthetic_course_demo,EV0488,S0104,P020,2026-08-07T12:50:00+09:00,routine_builder_start,2,
synthetic_course_demo,EV0489,S0104,P020,2026-08-07T12:50:00+09:00,recommendation_view,3,recovery
synthetic_course_demo,EV0490,S0104,P020,2026-08-07T12:50:00+09:00,routine_start,4,
synthetic_course_demo,EV0491,S0104,P020,2026-08-07T12:50:00+09:00,routine_complete,5,
synthetic_course_demo,EV0492,S0104,P020,2026-08-07T12:50:00+09:00,feedback_submit,6,5
synthetic_course_demo,EV0493,S0105,,2026-08-09T13:15:00+09:00,landing_view,1,
synthetic_course_demo,EV0494,S0105,,2026-08-09T13:15:00+09:00,routine_builder_start,2,
synthetic_course_demo,EV0495,S0106,,2026-08-10T13:22:00+09:00,landing_view,1,
synthetic_course_demo,EV0496,S0106,,2026-08-10T13:22:00+09:00,routine_builder_start,2,
synthetic_course_demo,EV0497,S0107,,2026-08-11T13:29:00+09:00,landing_view,1,
synthetic_course_demo,EV0498,S0107,,2026-08-11T13:29:00+09:00,routine_builder_start,2,
synthetic_course_demo,EV0499,S0108,,2026-08-12T13:36:00+09:00,landing_view,1,
synthetic_course_demo,EV0500,S0108,,2026-08-12T13:36:00+09:00,routine_builder_start,2,
synthetic_course_demo,EV0501,S0109,,2026-08-13T13:43:00+09:00,landing_view,1,
synthetic_course_demo,EV0502,S0109,,2026-08-13T13:43:00+09:00,routine_builder_start,2,
synthetic_course_demo,EV0503,S0110,,2026-08-04T13:50:00+09:00,landing_view,1,
synthetic_course_demo,EV0504,S0110,,2026-08-04T13:50:00+09:00,routine_builder_start,2,
synthetic_course_demo,EV0505,S0111,,2026-08-05T13:57:00+09:00,landing_view,1,
synthetic_course_demo,EV0506,S0111,,2026-08-05T13:57:00+09:00,routine_builder_start,2,
synthetic_course_demo,EV0507,S0112,,2026-08-06T13:04:00+09:00,landing_view,1,
synthetic_course_demo,EV0508,S0112,,2026-08-06T13:04:00+09:00,routine_builder_start,2,
synthetic_course_demo,EV0509,S0113,,2026-08-07T13:11:00+09:00,landing_view,1,
synthetic_course_demo,EV0510,S0113,,2026-08-07T13:11:00+09:00,routine_builder_start,2,
synthetic_course_demo,EV0511,S0114,,2026-08-08T13:18:00+09:00,landing_view,1,
synthetic_course_demo,EV0512,S0114,,2026-08-08T13:18:00+09:00,routine_builder_start,2,
synthetic_course_demo,EV0513,S0115,,2026-08-09T13:25:00+09:00,landing_view,1,
synthetic_course_demo,EV0514,S0115,,2026-08-09T13:25:00+09:00,routine_builder_start,2,
synthetic_course_demo,EV0515,S0116,,2026-08-10T13:32:00+09:00,landing_view,1,
synthetic_course_demo,EV0516,S0116,,2026-08-10T13:32:00+09:00,routine_builder_start,2,
synthetic_course_demo,EV0517,S0117,,2026-08-11T13:39:00+09:00,landing_view,1,
synthetic_course_demo,EV0518,S0117,,2026-08-11T13:39:00+09:00,routine_builder_start,2,
synthetic_course_demo,EV0519,S0118,,2026-08-12T13:46:00+09:00,landing_view,1,
synthetic_course_demo,EV0520,S0118,,2026-08-12T13:46:00+09:00,routine_builder_start,2,
synthetic_course_demo,EV0521,S0119,,2026-08-13T13:53:00+09:00,landing_view,1,
synthetic_course_demo,EV0522,S0120,,2026-08-04T13:00:00+09:00,landing_view,1,
synthetic_course_demo,EV0523,S0121,,2026-08-05T13:07:00+09:00,landing_view,1,
synthetic_course_demo,EV0524,S0122,,2026-08-06T13:14:00+09:00,landing_view,1,
synthetic_course_demo,EV0525,S0123,,2026-08-07T13:21:00+09:00,landing_view,1,
synthetic_course_demo,EV0526,S0124,,2026-08-08T13:28:00+09:00,landing_view,1,
synthetic_course_demo,EV0527,S0125,,2026-08-09T13:35:00+09:00,landing_view,1,
synthetic_course_demo,EV0528,S0126,,2026-08-10T13:42:00+09:00,landing_view,1,
synthetic_course_demo,EV0529,S0127,,2026-08-11T13:49:00+09:00,landing_view,1,
synthetic_course_demo,EV0530,S0128,,2026-08-12T13:56:00+09:00,landing_view,1,
synthetic_course_demo,EV0531,S0129,,2026-08-13T13:03:00+09:00,landing_view,1,
synthetic_course_demo,EV0532,S0130,,2026-08-04T13:10:00+09:00,landing_view,1,
synthetic_course_demo,EV0533,S0131,,2026-08-05T13:17:00+09:00,landing_view,1,
synthetic_course_demo,EV0534,S0132,,2026-08-06T13:24:00+09:00,landing_view,1,
synthetic_course_demo,EV0535,S0133,,2026-08-07T13:31:00+09:00,landing_view,1,
synthetic_course_demo,EV0536,S0134,,2026-08-08T13:38:00+09:00,landing_view,1,
synthetic_course_demo,EV0537,S0135,,2026-08-09T13:45:00+09:00,landing_view,1,
synthetic_course_demo,EV0538,S0136,,2026-08-10T13:52:00+09:00,landing_view,1,
synthetic_course_demo,EV0539,S0137,,2026-08-11T13:59:00+09:00,landing_view,1,
synthetic_course_demo,EV0540,S0138,,2026-08-12T13:06:00+09:00,landing_view,1,
synthetic_course_demo,EV0541,S0139,,2026-08-13T13:13:00+09:00,landing_view,1,
synthetic_course_demo,EV0542,S0140,,2026-08-04T13:20:00+09:00,landing_view,1,
synthetic_course_demo,EV0543,S0141,,2026-08-05T13:27:00+09:00,landing_view,1,
synthetic_course_demo,EV0544,S0142,,2026-08-06T13:34:00+09:00,landing_view,1,
